[
  {
    "id": "OPEN_XIUXING_UI",
    "name": "黑色视频转场",
    "comment": "打开修行页面"
  },
  {
    "id": "OPEN_CAI_JI",
    "name": "白色转场",
    "comment": "打开采集页面"
  },
  {
    "id": "OPEN_ZHONG_ZHI",
    "name": "黑色转场",
    "comment": "打开种植页面"
  },
  {
    "id": "OPEN_LIAN_DAN",
    "name": "黑色转场",
    "comment": "打开炼丹页面"
  },
  {
    "id": "OPEN_LIAN_QI",
    "name": "黑色转场",
    "comment": "打开练气页面"
  },
  {
    "id": "OPEN_GorgeousTemplate",
    "name": "黑色圆形转场",
    "comment": "打开华丽模版"
  },
  {
    "id": "FAN_GE_ZI",
    "name": "黑色圆形转场",
    "comment": "翻格子"
  },
  {
    "id": "OPEN_GONG_FA",
    "name": "黑色圆形转场",
    "comment": "打开功法页面"
  }
]